CCAA,Gamma (n4)
ANDALUCIA,1.0077
ARAGON,0.9959
ASTURIAS,0.9627
BALEARES,1.0253
CANARIAS,1.0111
CANTABRIA,0.9804
CASTILLA LEON,0.973
CASTILLA LA MANCHA,1.0065
CATALUÑA,1.0124
VALENCIA,1.0027
EXTREMADURA,0.991
GALICIA,0.9794
MADRID,1.0174
MURCIA,1.0199
NAVARRA,1.0022
PAIS VASCO,0.9856
LA RIOJA,0.9947
CEUTAMELILLA,1.0321
